<?xml version="1.0" encoding="UTF-8"?>

<lsit>
  <emp id="11">
    <name>张三</name>
    <age>32</age>
    <gender>男</gender>
    <salary>5000</salary>
  </emp>
  <emp id="22">
    <name>李四</name>
    <age>33</age>
    <gender>女</gender>
    <salary>6000</salary>
  </emp>
  <emp id="33">
    <name>王五</name>
    <age>34</age>
    <gender>男</gender>
    <salary>7000</salary>
  </emp>
  <emp id="44">
    <name>赵六</name>
    <age>35</age>
    <gender>女</gender>
    <salary>8000</salary>
  </emp>
</lsit>
